[
  {
    "id": "8f8651bc-4d4d-438f-8b5f-8512a6afbbc5",
    "data": [
      {
        "text": "what is the scholarship about?",
        "userDefined": false
      }
    ],
    "isTemplate": false,
    "count": 0,
    "updated": 1547225017
  },
  {
    "id": "8a7c7973-60dd-461c-bc98-74e72ece901c",
    "data": [
      {
        "text": "what is it?",
        "userDefined": false
      }
    ],
    "isTemplate": false,
    "count": 0,
    "updated": 1547225017
  },
  {
    "id": "dbc5b469-4530-46ca-9e6f-700e26a9b78a",
    "data": [
      {
        "text": "what is it about?",
        "userDefined": false
      }
    ],
    "isTemplate": false,
    "count": 0,
    "updated": 1547225017
  },
  {
    "id": "1b540a4c-f110-4362-a8ec-32f158636e2c",
    "data": [
      {
        "text": "More about Google Travel ",
        "userDefined": false
      },
      {
        "text": "Grants",
        "meta": "@sys.ignore",
        "userDefined": false
      },
      {
        "text": " Scholarship.",
        "userDefined": false
      }
    ],
    "isTemplate": false,
    "count": 0,
    "updated": 1544178593
  },
  {
    "id": "168a6d54-79fe-4668-9f4e-702be42b07f4",
    "data": [
      {
        "text": "What is Google Travel ",
        "userDefined": false
      },
      {
        "text": "Grants",
        "meta": "@sys.ignore",
        "userDefined": false
      },
      {
        "text": "?",
        "userDefined": false
      }
    ],
    "isTemplate": false,
    "count": 0,
    "updated": 1544178593
  },
  {
    "id": "2bada3f4-84e7-4bf8-9d72-f56d5b43604f",
    "data": [
      {
        "text": "Can I get details about the  Google Travel ",
        "userDefined": false
      },
      {
        "text": "Grants",
        "meta": "@sys.ignore",
        "userDefined": false
      },
      {
        "text": " Scholarship?",
        "userDefined": false
      }
    ],
    "isTemplate": false,
    "count": 0,
    "updated": 1544178593
  },
  {
    "id": "f22a7370-a290-406f-b89b-9794c80de5de",
    "data": [
      {
        "text": "What is Google Travel ",
        "userDefined": false
      },
      {
        "text": "Grants",
        "meta": "@sys.ignore",
        "userDefined": false
      },
      {
        "text": " Scholarship about?",
        "userDefined": false
      }
    ],
    "isTemplate": false,
    "count": 0,
    "updated": 1544178593
  }
]