[
  {
    "id": "421c6655-8a19-43d7-bbac-d2f989856446",
    "data": [
      {
        "text": "गूगल कैसे सफर अनुदान छात्रवृत्ति के लिए आवेदन के लिए?",
        "userDefined": false
      }
    ],
    "isTemplate": false,
    "count": 0
  },
  {
    "id": "736718c0-3d32-4626-a7f0-f9a8c8a0330a",
    "data": [
      {
        "text": "कैसे छात्रवृत्ति के लिए आवेदन के लिए?",
        "userDefined": false
      }
    ],
    "isTemplate": false,
    "count": 0
  },
  {
    "id": "06b353f0-96fa-451d-9c2f-85218692c9f5",
    "data": [
      {
        "text": "इसके लिए कैसे आवेदन कर सकते है?",
        "userDefined": false
      }
    ],
    "isTemplate": false,
    "count": 0
  }
]