[
  {
    "id": "547c6526-1033-4400-bdf9-966e7a3a829e",
    "data": [
      {
        "text": "How to apply for the Google Travel  ",
        "userDefined": false
      },
      {
        "text": "Grants",
        "meta": "@sys.ignore",
        "userDefined": false
      },
      {
        "text": " Scholarship?",
        "userDefined": false
      }
    ],
    "isTemplate": false,
    "count": 0,
    "updated": 1544178958
  },
  {
    "id": "49e8159e-3ff8-4c2b-983f-5d09a8e65b45",
    "data": [
      {
        "text": "How to apply for the scholarship?",
        "userDefined": false
      }
    ],
    "isTemplate": false,
    "count": 0,
    "updated": 1541253304
  },
  {
    "id": "92ed8e52-6a98-4368-8b14-c05007c0a1f7",
    "data": [
      {
        "text": "How to apply for it?",
        "userDefined": false
      }
    ],
    "isTemplate": false,
    "count": 0,
    "updated": 1541253304
  }
]