[
  {
    "id": "1180c5a7-be4c-421a-acc6-5eb509937f03",
    "data": [
      {
        "text": "What compensation does the scholarship provide?",
        "userDefined": false
      }
    ],
    "isTemplate": false,
    "count": 0,
    "updated": 1541245029
  },
  {
    "id": "40cf9301-d16b-4c7c-8640-0e8e57bf132a",
    "data": [
      {
        "text": "What are the benefits of Google Travel ",
        "userDefined": false
      },
      {
        "text": "Grants",
        "meta": "@sys.ignore",
        "userDefined": false
      },
      {
        "text": " ?",
        "userDefined": false
      }
    ],
    "isTemplate": false,
    "count": 0,
    "updated": 1541245029
  },
  {
    "id": "809f0ae4-9864-4283-b971-6655923c0b95",
    "data": [
      {
        "text": "What are the benefits we get from the Scholarship?",
        "userDefined": false
      }
    ],
    "isTemplate": false,
    "count": 0,
    "updated": 1541245029
  }
]