[
  {
    "id": "7e25fee4-41b1-4eee-af96-9b5c88cc6657",
    "data": [
      {
        "text": "\n लाभ हम छात्रवृत्ति से प्राप्त कर रहे हैं?",
        "userDefined": false
      }
    ],
    "isTemplate": false,
    "count": 0
  },
  {
    "id": "4aeafe27-a8ab-4472-ac85-2fa2daf98b45",
    "data": [
      {
        "text": "\n गूगल सफर अनुदान के क्या लाभ हैं?",
        "userDefined": false
      }
    ],
    "isTemplate": false,
    "count": 0
  },
  {
    "id": "3681e20a-ce16-458c-9618-53a8e4f616f3",
    "data": [
      {
        "text": "छात्रवृत्ति क्या मुआवजा प्रदान करता है?",
        "userDefined": false
      }
    ],
    "isTemplate": false,
    "count": 0
  }
]