[
  {
    "id": "965c04ed-3009-42e6-9309-f0644c640060",
    "data": [
      {
        "text": "Is there any ending date for the scholarship?",
        "userDefined": false
      }
    ],
    "isTemplate": false,
    "count": 0,
    "updated": 1541253697
  },
  {
    "id": "6f9e06a4-f253-4ae7-8489-b8109ce63610",
    "data": [
      {
        "text": "Any deadlines I need to meet?",
        "userDefined": false
      }
    ],
    "isTemplate": false,
    "count": 0,
    "updated": 1541253697
  },
  {
    "id": "e0b203b5-1c45-4208-ab8a-c8689aa910ea",
    "data": [
      {
        "text": "Are there any deadlines?",
        "userDefined": false
      }
    ],
    "isTemplate": false,
    "count": 0,
    "updated": 1541253697
  },
  {
    "id": "79d9dc9e-5587-475d-8d40-7152223a3782",
    "data": [
      {
        "text": "Is there any deadline for the scholarship?",
        "userDefined": false
      }
    ],
    "isTemplate": false,
    "count": 0,
    "updated": 1541253697
  },
  {
    "id": "9cd0a7e7-985a-40c9-af70-0784f3575e18",
    "data": [
      {
        "text": "What\u0027s the deadline for the scholarship, if any?",
        "userDefined": false
      }
    ],
    "isTemplate": false,
    "count": 0,
    "updated": 1548615366
  }
]