[
  {
    "id": "881394a1-06ac-48f4-a95c-343329ee057c",
    "data": [
      {
        "text": "What are the requirements to attain this scholarship?",
        "userDefined": false
      }
    ],
    "isTemplate": false,
    "count": 0,
    "updated": 1541252801
  },
  {
    "id": "71c0a137-5b58-42b5-84e7-a47cf67f7396",
    "data": [
      {
        "text": "What is the eligibility?",
        "userDefined": false
      }
    ],
    "isTemplate": false,
    "count": 0,
    "updated": 1541252801
  },
  {
    "id": "2cb58801-0771-4f0b-a19f-076327ae265c",
    "data": [
      {
        "text": "what are the eligibility requirements to attain this?",
        "userDefined": false
      }
    ],
    "isTemplate": false,
    "count": 0,
    "updated": 1541252801
  },
  {
    "id": "c0c4962e-2686-45f8-b6cd-172dddcd73be",
    "data": [
      {
        "text": "whats the eligibility criteria?",
        "userDefined": false
      }
    ],
    "isTemplate": false,
    "count": 1,
    "updated": 1541252801
  }
]