[
  {
    "id": "f7727d8b-74ab-4e0d-af5d-62a5515b9c45",
    "data": [
      {
        "text": "No more queries.",
        "userDefined": false
      }
    ],
    "isTemplate": false,
    "count": 0,
    "updated": 1541503925
  },
  {
    "id": "2e0614af-244a-45a4-bf0a-689e73bdab04",
    "data": [
      {
        "text": "I have no more queries regarding Google Travel ",
        "userDefined": false
      },
      {
        "text": "Grants",
        "meta": "@sys.ignore",
        "userDefined": false
      },
      {
        "text": " Scholarship.",
        "userDefined": false
      }
    ],
    "isTemplate": false,
    "count": 0,
    "updated": 1544178481
  }
]