[
  {
    "id": "4dca897e-77cf-4394-a6d1-a243b41fae23",
    "data": [
      {
        "text": "मैं गूगल सफर अनुदान छात्रवृत्ति के बारे में कोई और अधिक प्रश्न हैं।",
        "userDefined": false
      }
    ],
    "isTemplate": false,
    "count": 0
  },
  {
    "id": "94017b4d-3c63-464a-a9d7-8fa29559532e",
    "data": [
      {
        "text": "कोई और अधिक प्रश्नों।",
        "userDefined": false
      }
    ],
    "isTemplate": false,
    "count": 0
  }
]